ExportTag,QualtricsID,Type,Selector,QuestionText,Choices,SubQuestions,HasDisplayLogic
CAC0,QID35,DB,TB,"A bike shop owner who wants to create a social media ad finds the following image on a search engine. The search result is displayed as follows: Chicago Schwinn © 2018 D. Green. All Rights Reserved. The bike shop owner uses the image in the following Facebook ad. The ad is shown to more than 100,000 people.",,,False
CATB0,QID177,DB,TB,"A bike shop owner who wants to create a social media ad finds the following image on a search engine. The search result is displayed as follows: Chicago Schwinn © 2018 by D. Green is licensed under Creative Commons Attribution-NonCommercial 4.0 The bike shop owner uses the image in the following Facebook ad. The ad is shown to more than 100,000 people.",,,False
CATA0,QID1215597202,DB,TB,"A bike shop owner who wants to create a social media ad finds the following image on a search engine. The search result is displayed as follows: Chicago Schwinn © 2018 by D. Green is licensed under CC BY-NC 4.0 The bike shop owner uses the image in the following Facebook ad. The ad is shown to more than 100,000 people.",,,False
FSTA0,QID145,DB,TB,"A college student wants to let others download their favorite music. The student picks a CD released by a major label and distributed nationally. On the back of the CD, this caption appears: Seconds © 2018 by The Kick Bugs is licensed under CC BY 4.0 The student converts the CD to MP3 files, includes the track titles, album name, artist name, and license information in the file metadata and then uploads them to a file-sharing service. The album is downloaded more than 50,000 times on the file-sh",,,False
FSC0,QID151,DB,TB,"A college student wants to let others download their favorite music. The student picks a CD released by a major label and distributed nationally. On the back of the CD, this caption appears: Seconds © 2018 by The Kick Bugs. All Rights Reserved. The student converts the CD to MP3 files, includes the track titles, album name, artist name, and license information in the file metadata and then uploads them to a file-sharing service. The album is downloaded more than 50,000 times on the file-sharing ",,,False
FSTB0,QID195,DB,TB,"A college student wants to let others download their favorite music. The student picks a CD released by a major label and distributed nationally. On the back of the CD, this caption appears: Seconds © 2018 by The Kick Bugs is licensed under Creative Commons Attribution 4.0 Attribution The student converts the CD to MP3 files, includes the track titles, album name, artist name, and license information in the file metadata and then uploads them to a file-sharing service. The album is downloaded mo",,,False
WNC0,QID133,DB,TB,"A concert promoter is looking for a picture of Willie Nelson to promote an upcoming show. The promoter searches for ""Willie Nelson"" on Google and the following image and caption appears. Willie Nelson - Wikipedia Images may be subject to copyright. Learn More The promoter downloads the image, then posts it to several blogs, uses it in social media advertisements, and prints the image as part of a flyer. The image is seen more than 150,000 times without attribution or licensing information.",,,False
WNTA0,QID139,DB,TB,"A concert promoter is looking for a picture of Willie Nelson to promote an upcoming show. The promoter searches for ""Willie Nelson"" on Google and the following image and caption appears. Willie Waving © 2018 by D. Orange is licensed under CC BY-NC-ND 4.0 The promoter downloads the image, then posts it to several blogs, uses it in social media advertisements, and prints the image as part of a flyer. The image is seen more than 150,000 times without attribution or licensing information.",,,False
WNTB0,QID189,DB,TB,"A concert promoter is looking for a picture of Willie Nelson to promote an upcoming show. The promoter searches for ""Willie Nelson"" on Google and the following image and caption appears. Willie Waving © 2018 by D. Orange is licensed under Creative Commons Attribution-NonCommercial-NoDerivatives 4.0 International The promoter downloads the image, then posts it to several blogs, uses it in social media advertisements, and prints the image as part of a flyer. The image is seen more than 150,000 tim",,,False
PUC0,QID27,DB,TB,"A new homeowner wants to decorate their living space. They find the following image through a search engine. The search result is presented as follows: Warm Balloon Grid © 2018 by F. Brown. All Rights Reserved. The homeowner downloads the image, prints only the image at poster size, and hangs it up in their living room.",,,False
PUTA0,QID47,DB,TB,"A new homeowner wants to decorate their living space. They find the following image through a search engine. The search result is presented as follows: Warm Balloon Grid &copy; 2018 by F. Brown is licensed under CC BY 4.0 The homeowner downloads the image, prints only the image at poster size, and hangs it up in their living room.",,,False
PUTB0,QID165,DB,TB,"A new homeowner wants to decorate their living space. They find the following image through a search engine. The search result is presented as follows: Warm Balloon Grid © 2018 by F. Brown is licensed under Creative Commons Attribution 4.0 International The homeowner downloads the image, prints only the image at poster size, and hangs it up in their living room.",,,False
PDC0,QID23,DB,TB,An advertising executive at a large company wants to use a picture of Planet Earth for an advertisement. The executive finds the following image and caption on the NASA.gov website: U.S. Government Work The executive uses only the image in a full-page advertisement that runs in national magazines and newspapers as well as their websites.,,,False
PDTA0,QID43,DB,TB,An advertising executive at a large company wants to use a picture of Planet Earth for an advertisement. The executive finds the following image and caption on the NASA.gov website: The Blue Marble by NASA The executive uses only the image in a full-page advertisement that runs in national magazines and newspapers as well as their websites.,,,False
PDTB0,QID159,DB,TB,"An advertising executive at a large company wants to use a picture of Planet Earth for an advertisement. The executive finds the following image and caption on the NASA.gov website: This work (The Blue Marble, by NASA) is free of known copyright restrictions. The executive uses only the image in a full-page advertisement that runs in national magazines and newspapers as well as their websites.",,,False
EUC0,QID31,DB,TB,"An author writes and self-publishes a book of nursery rhymes, ""Pretty Pink Piggies."" On the inside of the book’s front cover, they include this notice: Pretty Pink Piggies © 2018 by S. Baker. All Rights Reserved. At the request of several school systems, a commercial publishing company reprints copies of the author's book and sells 200,000 copies for profit only to those schools. The author's name remains on the book.",,,False
EUTA0,QID51,DB,TB,"An author writes and self-publishes a book of nursery rhymes, ""Pretty Pink Piggies."" On the inside of the book's front cover, they include this notice: Pretty Pink Piggies © 2018 by S. Baker is licensed under CC BY-NC-SA 4.0 A commercial publishing company reprints copies of their book and sells 200,000 copies to schools for profit without permission or an agreement with the author. The author's name remains on the book.",,,False
EUTB0,QID171,DB,TB,"An author writes and self-publishes a book of nursery rhymes, ""Pretty Pink Piggies."" On the inside of the book's front cover, they include this notice: Pretty Pink Piggies &copy; 2018 by S. Baker is licensed under Creative Commons Attribution-NonCommercial-ShareAlike 4.0 International A commercial publishing company reprints copies of their book and sells 200,000 copies to schools for profit without permission or an agreement with the author. The author's name remains on the book.",,,False
LSC0,QID39,DB,TB,"An entrepreneur looking for a new product finds the following image through a search engine. The search result is displayed as follows: © 2018 J. Gray. All Rights Reserved. While downloading the image, the entrepreneur discovers the owner is selling their own posters of the work for $20. The entrepreneur prints six thousand posters with the image and sells them online for $10 each. They do not provide any information about the poster besides the title they make up, “Canyon Crow Poster.” They sel",,,False
LSTA0,QID59,DB,TB,"An entrepreneur looking for a new product finds the following image through a search engine. The search result is displayed as follows: Canyon Crow © 2018 by J. Gray is licensed under CC BY-NC-ND 4.0 While downloading the image, the entrepreneur discovers the owner is selling their own posters of the work for $20. The entrepreneur prints six thousand posters with the image and sells them online for $10 each. They do not provide any information about the poster besides the title they make up, “Ca",,,False
LSTB0,QID183,DB,TB,"An entrepreneur looking for a new product finds the following image through a search engine. The search result is displayed as follows: Canyon Crow © 2018 by J. Gray is licensed under Creative Commons Attribution-NonCommercial-NoDerivatives 4.0 International While downloading the image, the entrepreneur discovers the owner is selling their own posters of the work for $20. The entrepreneur prints six thousand posters with the image and sells them online for $10 each. They do not provide any infor",,,False
HISPLAT,QID206,MC,SAVR,"Are you of Spanish, Hispanic, or Latino origin?",1=Yes | 2=No,,False
IDMcD,QID16,MC,SAVR,Do you know the brand associated with this logo?,1=Yes | 2=No,,False
IDCC,QID19,MC,SAVR,Do you know the brand associated with this logo?,1=Yes | 2=No,,False
IDFF,QID18,MC,SAVR,Do you know the brand associated with this logo?,1=Yes | 2=No,,False
ABOUTCC,QID157,DB,TB,"Before looking over the scenarios, please review the following information about the Creative Commons licenses: About CC Licenses Creative Commons licenses give everyone from individual creators to large institutions a standardized way to grant the public permission to use their creative work under copyright law. From the reuser’s perspective, the presence of a Creative Commons license on a copyrighted work answers the question, What can I do with this work? The CC License options There are six ",,,False
RACE,QID207,MC,MAVR,Choose one or more races that you consider yourself to be,1=White or Caucasian | 2=Black or African American | 3=American Indian/Native American or Alaska Native | 4=Asian | 5=Native Hawaiian or Other Pacific Islander | 6=Other | 7=Prefer not to say,,False
TECHINFO,QID64,Meta,Browser,Click to write the question text,1=Browser | 2=Version | 3=Operating System | 4=Screen Resolution | 5=Flash Version | 6=Java Support | 7=User Agent,,False
IDFAKE,QID201,MC,SAVR,Do you know the brand associated with this logo?,1=Yes | 2=No,,False
BRANDSKILLS,QID259,Matrix,Likert,"How familiar are you with the following computer and Internet-related brands? Please choose a number between 1 and 5 where 1 represents ""no understanding"" and 5 represents ""full understanding"" of the item.",1=Creative Commons | 2=Byteyield | 3=Microsoft | 4=Mozilla,1=None | 2=Little | 3=Some | 4=Good | 5=Full,False
NETSKILLS,QID214,Matrix,Likert,"How familiar are you with the following computer and Internet-related items? Please choose a number between 1 and 5 where 1 represents ""no understanding"" and 5 represents ""full understanding"" of the item.",1=Advanced search | 2=Phishing | 3=Spyware | 4=Cache | 5=PDF | 6=Wiki,1=None | 2=Little | 3=Some | 4=Good | 5=Full,False
LOGOINST,QID244,DB,TB,"In the next section, you will be asked whether you recognize four logos associated with brands presented in random order. You will also be asked to identify brands you recognize.",,,False
VIGNINTRO,QID63,DB,TB,"In the next section, you will be presented with seven short hypothetical scenarios in random order. Assume all scenarios are in the U.S. and U.S. law applies. After a five second delay, each scenario will be accompanied by four questions. Please carefully consider the scenario and provide your honest opinion. There are no incorrect answers and your answers will have no impact on your compensation.",,,False
STATE,QID8,MC,DL,In what state or territory do you currently live?,63=Other | 4=AL | 5=AK | 7=AZ | 8=AR | 9=CA | 10=CO | 11=CT | 12=DE | 13=DC | 14=FL | 15=GA | 17=HI | 18=ID | 19=IL | 20=IN | 21=IA | 22=KS | 23=KY | 24=LA | 25=ME | 26=MD | 28=MA | 29=MI | 31=MN | 32=MS | 33=MO | 34=MT | 35=NE | 36=NV | 37=NH | 38=NJ | 39=NM | 40=NY | 41=NC | 42=ND | 44=OH | 45=OK | 46=OR | 48=PA | 50=RI | 51=SC | 52=SD | 53=TN | 54=TX | 55=UT | 56=VT | 57=VA | 59=WA | 60=WV | 61=WI | 62=WY | 115=I live outside the U.S.,,False
CATB4,QID181,TE,SL,"Now imagine that before the use described in the scenario, the bike shop owner and the owner of this work agreed on a price for a non-exclusive license—meaning that the owner can also license the work to others—that allows all of the use described in the scenario. In your opinion, what do you think would be a reasonable price for that license, if any? Please provide a single amount in US dollars:",,,False
CATA4,QID1215597206,TE,SL,"Now imagine that before the use described in the scenario, the bike shop owner and the owner of this work agreed on a price for a non-exclusive license—meaning that the owner can also license the work to others—that allows all of the use described in the scenario. In your opinion, what do you think would be a reasonable price for that license, if any? Please provide a single amount in US dollars:",,,False
PDC4,QID70,TE,SL,"Now imagine that before the use described in the scenario, the executive's company and the owner of this work agreed on a price for a non-exclusive license—meaning that the owner can also license the work to others—that allows all of the use described in the scenario. In your opinion, what do you think would be a reasonable price for that license, if any? Please provide a single amount in US dollars:",,,False
EUTB4,QID175,TE,SL,"Now imagine that before the use described in the scenario, the executive's company and the owner of this work agreed on a price for a non-exclusive license—meaning that the owner can also license the work to others—that allows all of the use described in the scenario. In your opinion, what do you think would be a reasonable price for that license, if any? Please provide a single amount in US dollars:",,,False
PUC4,QID115,TE,SL,"Now imagine that before the use described in the scenario, the homeowner and the owner of this work agreed on a price for a non-exclusive license—meaning that the owner can also license the work to others—that allows all of the use described in the scenario. In your opinion, what do you think would be a reasonable price for that license, if any? Please provide a single amount in US dollars:",,,False
PUTA4,QID116,TE,SL,"Now imagine that before the use described in the scenario, the homeowner and the owner of this work agreed on a price for a non-exclusive license—meaning that the owner can also license the work to others—that allows all of the use described in the scenario. In your opinion, what do you think would be a reasonable price for that license, if any? Please provide a single amount in US dollars:",,,False
PUTB4,QID169,TE,SL,"Now imagine that before the use described in the scenario, the homeowner and the owner of this work agreed on a price for a non-exclusive license—meaning that the owner can also license the work to others—that allows all of the use described in the scenario. In your opinion, what do you think would be a reasonable price for that license, if any? Please provide a single amount in US dollars:",,,False
EUC4,QID80,TE,SL,"Now imagine that before the use described in the scenario, the publishing company and the owner of this work agreed on a price for a non-exclusive license—meaning that the owner can also license the work to others—that allows all of the use described in the scenario. In your opinion, what do you think would be a reasonable price for that license, if any? Please provide a single amount in US dollars:",,,False
EUTA4,QID84,TE,SL,"Now imagine that before the use described in the scenario, the publishing company and the owner of this work agreed on a price for a non-exclusive license—meaning that the owner can also license the work to others—that allows all of the use described in the scenario. In your opinion, what do you think would be a reasonable price for that license, if any? Please provide a single amount in US dollars:",,,False
CAC4,QID106,TE,SL,"Now imagine that before the use described in the scenario, the bike shop owner and the owner of this work agreed on a price for a non-exclusive license—meaning that the owner can also license the work to others—that allows all of the use described in the scenario. In your opinion, what do you think would be a reasonable price for that license, if any? Please provide a single amount in US dollars:",,,False
LSC4,QID120,TE,SL,"Now imagine that before the use described in the scenario, the entrepreneur and the owner of this work agreed on a price for a non-exclusive license—meaning that the owner can also license the work to others—that allows all of the use described in the scenario. In your opinion, what do you think would be a reasonable price for that license, if any? Please provide a single amount in US dollars:",,,False
LSTA4,QID131,TE,SL,"Now imagine that before the use described in the scenario, the entrepreneur and the owner of this work agreed on a price for a non-exclusive license—meaning that the owner can also license the work to others—that allows all of the use described in the scenario. In your opinion, what do you think would be a reasonable price for that license, if any? Please provide a single amount in US dollars:",,,False
LSTB4,QID187,TE,SL,"Now imagine that before the use described in the scenario, the entrepreneur and the owner of this work agreed on a price for a non-exclusive license—meaning that the owner can also license the work to others—that allows all of the use described in the scenario. In your opinion, what do you think would be a reasonable price for that license, if any? Please provide a single amount in US dollars:",,,False
PDTA4,QID72,TE,SL,"Now imagine that before the use described in the scenario, the executive's company and the owner of this work agreed on a price for a non-exclusive license—meaning that the owner can also license the work to others—that allows all of the use described in the scenario. In your opinion, what do you think would be a reasonable price for that license, if any? Please provide a single amount in US dollars:",,,False
PDTB4,QID163,TE,SL,"Now imagine that before the use described in the scenario, the executive's company and the owner of this work agreed on a price for a non-exclusive license—meaning that the owner can also license the work to others—that allows all of the use described in the scenario. In your opinion, what do you think would be a reasonable price for that license, if any? Please provide a single amount in US dollars:",,,False
WNC4,QID137,TE,SL,"Now imagine that before the use described in the scenario, the promoter and the owner of this work agreed on a price for a non-exclusive license—meaning that the owner can also license the work to others—that allows all of the use described in the scenario. In your opinion, what do you think would be a reasonable price for that license, if any? Please provide a single amount in US dollars:",,,False
WNTA4,QID143,TE,SL,"Now imagine that before the use described in the scenario, the promoter and the owner of this work agreed on a price for a non-exclusive license—meaning that the owner can also license the work to others—that allows all of the use described in the scenario. In your opinion, what do you think would be a reasonable price for that license, if any? Please provide a single amount in US dollars:",,,False
WNTB4,QID193,TE,SL,"Now imagine that before the use described in the scenario, the promoter and the owner of this work agreed on a price for a non-exclusive license—meaning that the owner can also license the work to others—that allows all of the use described in the scenario. In your opinion, what do you think would be a reasonable price for that license, if any? Please provide a single amount in US dollars:",,,False
FSTA4,QID149,TE,SL,"Now imagine that before the use described in the scenario, the student and the owner of this work agreed on a price for a non-exclusive license—meaning that the owner can also license the work to others—that allows all of the use described in the scenario. In your opinion, what do you think would be a reasonable price for that license, if any? Please provide a single amount in US dollars:",,,False
FSC4,QID155,TE,SL,"Now imagine that before the use described in the scenario, the student and the owner of this work agreed on a price for a non-exclusive license—meaning that the owner can also license the work to others—that allows all of the use described in the scenario. In your opinion, what do you think would be a reasonable price for that license, if any? Please provide a single amount in US dollars:",,,False
FSTB4,QID199,TE,SL,"Now imagine that before the use described in the scenario, the student and the owner of this work agreed on a price for a non-exclusive license—meaning that the owner can also license the work to others—that allows all of the use described in the scenario. In your opinion, what do you think would be a reasonable price for that license, if any? Please provide a single amount in US dollars:",,,False
CAC1,QID103,MC,SAVR,"On a scale from 1–7, with 7 being the most likely: In your opinion, how likely is the bike shop owner to face legal consequences for this use?",6=1 Extremely unlikely | 7=2 Moderately unlikely | 8=3 Slightly unlikely | 9=4 Neither likely nor unlikely | 10=5 Slightly likely | 11=6 Moderately likely | 12=7 Extremely likely,,False
CATB1,QID178,MC,SAVR,"On a scale from 1–7, with 7 being the most likely: In your opinion, how likely is the bike shop owner to face legal consequences for this use?",6=1 Extremely unlikely | 7=2 Moderately unlikely | 8=3 Slightly unlikely | 9=4 Neither likely nor unlikely | 10=5 Slightly likely | 11=6 Moderately likely | 12=7 Extremely likely,,False
CATA1,QID1215597203,MC,SAVR,"On a scale from 1–7, with 7 being the most likely: In your opinion, how likely is the bike shop owner to face legal consequences for this use?",6=1 Extremely unlikely | 7=2 Moderately unlikely | 8=3 Slightly unlikely | 9=4 Neither likely nor unlikely | 10=5 Slightly likely | 11=6 Moderately likely | 12=7 Extremely likely,,False
LSC1,QID117,MC,SAVR,"On a scale from 1–7, with 7 being the most likely: In your opinion, how likely is the entrepreneur to face legal consequences for this use?",6=1 Extremely unlikely | 7=2 Moderately unlikely | 8=3 Slightly unlikely | 9=4 Neither likely nor unlikely | 10=5 Slightly likely | 11=6 Moderately likely | 12=7 Extremely likely,,False
LSTA1,QID128,MC,SAVR,"On a scale from 1–7, with 7 being the most likely: In your opinion, how likely is the entrepreneur to face legal consequences for this use?",6=1 Extremely unlikely | 7=2 Moderately unlikely | 8=3 Slightly unlikely | 9=4 Neither likely nor unlikely | 10=5 Slightly likely | 11=6 Moderately likely | 12=7 Extremely likely,,False
LSTB1,QID184,MC,SAVR,"On a scale from 1–7, with 7 being the most likely: In your opinion, how likely is the entrepreneur to face legal consequences for this use?",6=1 Extremely unlikely | 7=2 Moderately unlikely | 8=3 Slightly unlikely | 9=4 Neither likely nor unlikely | 10=5 Slightly likely | 11=6 Moderately likely | 12=7 Extremely likely,,False
PDC1,QID25,MC,SAVR,"On a scale from 1–7, with 7 being the most likely: In your opinion, how likely is the executive's company to face legal consequences for this use?",6=1 Extremely unlikely | 7=2 Moderately unlikely | 8=3 Slightly unlikely | 9=4 Neither likely nor unlikely | 10=5 Slightly likely | 11=6 Moderately likely | 12=7 Extremely likely,,False
PDTA1,QID74,MC,SAVR,"On a scale from 1–7, with 7 being the most likely: In your opinion, how likely is the executive's company to face legal consequences for this use?",6=1 Extremely unlikely | 7=2 Moderately unlikely | 8=3 Slightly unlikely | 9=4 Neither likely nor unlikely | 10=5 Slightly likely | 11=6 Moderately likely | 12=7 Extremely likely,,False
PDTB1,QID160,MC,SAVR,"On a scale from 1–7, with 7 being the most likely: In your opinion, how likely is the executive's company to face legal consequences for this use?",6=1 Extremely unlikely | 7=2 Moderately unlikely | 8=3 Slightly unlikely | 9=4 Neither likely nor unlikely | 10=5 Slightly likely | 11=6 Moderately likely | 12=7 Extremely likely,,False
PUC1,QID85,MC,SAVR,"On a scale from 1–7, with 7 being the most likely: In your opinion, how likely is the homeowner to face legal consequences for this use?",6=1 Extremely unlikely | 7=2 Moderately unlikely | 8=3 Slightly unlikely | 9=4 Neither likely nor unlikely | 10=5 Slightly likely | 11=6 Moderately likely | 12=7 Extremely likely,,False
PUTB1,QID166,MC,SAVR,"On a scale from 1–7, with 7 being the most likely: In your opinion, how likely is the homeowner to face legal consequences for this use?",6=1 Extremely unlikely | 7=2 Moderately unlikely | 8=3 Slightly unlikely | 9=4 Neither likely nor unlikely | 10=5 Slightly likely | 11=6 Moderately likely | 12=7 Extremely likely,,False
PUTA1,QID1215596995,MC,SAVR,"On a scale from 1–7, with 7 being the most likely: In your opinion, how likely is the homeowner to face legal consequences for this use?",6=1 Extremely unlikely | 7=2 Moderately unlikely | 8=3 Slightly unlikely | 9=4 Neither likely nor unlikely | 10=5 Slightly likely | 11=6 Moderately likely | 12=7 Extremely likely,,False
WNC1,QID134,MC,SAVR,"On a scale from 1–7, with 7 being the most likely: In your opinion, how likely is the promoter to face legal consequences for this use?",6=1 Extremely unlikely | 7=2 Moderately unlikely | 8=3 Slightly unlikely | 9=4 Neither likely nor unlikely | 10=5 Slightly likely | 11=6 Moderately likely | 12=7 Extremely likely,,False
WNTA1,QID140,MC,SAVR,"On a scale from 1–7, with 7 being the most likely: In your opinion, how likely is the promoter to face legal consequences for this use?",6=1 Extremely unlikely | 7=2 Moderately unlikely | 8=3 Slightly unlikely | 9=4 Neither likely nor unlikely | 10=5 Slightly likely | 11=6 Moderately likely | 12=7 Extremely likely,,False
WNTB1,QID190,MC,SAVR,"On a scale from 1–7, with 7 being the most likely: In your opinion, how likely is the promoter to face legal consequences for this use?",6=1 Extremely unlikely | 7=2 Moderately unlikely | 8=3 Slightly unlikely | 9=4 Neither likely nor unlikely | 10=5 Slightly likely | 11=6 Moderately likely | 12=7 Extremely likely,,False
EUTA1,QID81,MC,SAVR,"On a scale from 1–7, with 7 being the most likely: In your opinion, how likely is the publisher to face legal consequences for this use?",6=1 Extremely unlikely | 7=2 Moderately unlikely | 8=3 Slightly unlikely | 9=4 Neither likely nor unlikely | 10=5 Slightly likely | 11=6 Moderately likely | 12=7 Extremely likely,,False
EUTB1,QID172,MC,SAVR,"On a scale from 1–7, with 7 being the most likely: In your opinion, how likely is the publisher to face legal consequences for this use?",6=1 Extremely unlikely | 7=2 Moderately unlikely | 8=3 Slightly unlikely | 9=4 Neither likely nor unlikely | 10=5 Slightly likely | 11=6 Moderately likely | 12=7 Extremely likely,,False
EUC1,QID77,MC,SAVR,"On a scale from 1–7, with 7 being the most likely: In your opinion, how likely is the publishing company to face legal consequences for this use?",6=1 Extremely unlikely | 7=2 Moderately unlikely | 8=3 Slightly unlikely | 9=4 Neither likely nor unlikely | 10=5 Slightly likely | 11=6 Moderately likely | 12=7 Extremely likely,,False
FSTA1,QID146,MC,SAVR,"On a scale from 1–7, with 7 being the most likely: In your opinion, how likely is the student to face legal consequences for this use?",6=1 Extremely unlikely | 7=2 Moderately unlikely | 8=3 Slightly unlikely | 9=4 Neither likely nor unlikely | 10=5 Slightly likely | 11=6 Moderately likely | 12=7 Extremely likely,,False
FSC1,QID152,MC,SAVR,"On a scale from 1–7, with 7 being the most likely: In your opinion, how likely is the student to face legal consequences for this use?",6=1 Extremely unlikely | 7=2 Moderately unlikely | 8=3 Slightly unlikely | 9=4 Neither likely nor unlikely | 10=5 Slightly likely | 11=6 Moderately likely | 12=7 Extremely likely,,False
FSTB1,QID196,MC,SAVR,"On a scale from 1–7, with 7 being the most likely: In your opinion, how likely is the student to face legal consequences for this use?",6=1 Extremely unlikely | 7=2 Moderately unlikely | 8=3 Slightly unlikely | 9=4 Neither likely nor unlikely | 10=5 Slightly likely | 11=6 Moderately likely | 12=7 Extremely likely,,False
CAC2,QID104,MC,SAVR,"On a scale from 1–7, with 7 being the most negative: In your opinion, if the bike shop owner was sued for these actions, what legal consequences do you think they would face?","1=1 No consequences | 2=2 | 3=3 | 6=4 Some negative consequences, such as a court order to stop and/or a moderate fine | 4=5 | 14=6 | 7=7 Very negative consequences, such as incarceration and/or a large fine",,False
CATB2,QID179,MC,SAVR,"On a scale from 1–7, with 7 being the most negative: In your opinion, if the bike shop owner was sued for these actions, what legal consequences do you think they would face?","1=1 No consequences | 2=2 | 3=3 | 6=4 Some negative consequences, such as a court order to stop and/or a moderate fine | 4=5 | 7=6 | 8=7 Very negative consequences, such as incarceration and/or a large fine",,False
CATA2,QID1215597204,MC,SAVR,"On a scale from 1–7, with 7 being the most negative: In your opinion, if the bike shop owner was sued for these actions, what legal consequences do you think they would face?","1=1 No consequences | 2=2 | 3=3 | 6=4 Some negative consequences, such as a court order to stop and/or a moderate fine | 4=5 | 7=6 | 8=7 Very negative consequences, such as incarceration and/or a large fine",,False
LSC2,QID118,MC,SAVR,"On a scale from 1–7, with 7 being the most negative: In your opinion, if the entrepreneur was sued for these actions, what legal consequences do you think it would face?","1=1 No consequences | 2=2 | 3=3 | 6=4 Some negative consequences, such as a court order to stop and/or a moderate fine | 4=5 | 7=6 | 8=7 Very negative consequences, such as incarceration and/or a large fine",,False
LSTA2,QID129,MC,SAVR,"On a scale from 1–7, with 7 being the most negative: In your opinion, if the entrepreneur was sued for these actions, what legal consequences do you think it would face?","1=1 No consequences | 2=2 | 3=3 | 6=4 Some negative consequences, such as a court order to stop and/or a moderate fine | 4=5 | 7=6 | 8=7 Very negative consequences, such as incarceration and/or a large fine",,False
LSTB2,QID185,MC,SAVR,"On a scale from 1–7, with 7 being the most negative: In your opinion, if the entrepreneur was sued for these actions, what legal consequences do you think it would face?","1=1 No consequences | 2=2 | 3=3 | 6=4 Some negative consequences, such as a court order to stop and/or a moderate fine | 4=5 | 7=6 | 8=7 Very negative consequences, such as incarceration and/or a large fine",,False
PDC2,QID24,MC,SAVR,"On a scale from 1–7, with 7 being the most negative: In your opinion, if the executive's company were sued for these actions, what legal consequences do you think it would face?","1=1 No consequences | 2=2 | 3=3 | 6=4 Some negative consequences, such as a court order to stop and/or a moderate fine | 4=5 | 7=6 | 8=7 Very negative consequences, such as incarceration and/or a large fine",,False
PDTA2,QID75,MC,SAVR,"On a scale from 1–7, with 7 being the most negative: In your opinion, if the executive's company were sued for these actions, what legal consequences do you think it would face?","1=1 No consequences | 2=2 | 3=3 | 6=4 Some negative consequences, such as a court order to stop and/or a moderate fine | 4=5 | 7=6 | 8=7 Very negative consequences, such as incarceration and/or a large fine",,False
PDTB2,QID161,MC,SAVR,"On a scale from 1–7, with 7 being the most negative: In your opinion, if the executive's company were sued for these actions, what legal consequences do you think it would face?","1=1 No consequences | 2=2 | 3=3 | 6=4 Some negative consequences, such as a court order to stop and/or a moderate fine | 4=5 | 7=6 | 8=7 Very negative consequences, such as incarceration and/or a large fine",,False
PUC2,QID96,MC,SAVR,"On a scale from 1–7, with 7 being the most negative: In your opinion, if the homeowner was sued for these actions, what legal consequences do you think they would face?","1=1 No consequences | 2=2 | 3=3 | 6=4 Some negative consequences, such as a court order to stop and/or a moderate fine | 4=5 | 7=6 | 8=7 Very negative consequences, such as incarceration and/or a large fine",,False
PUTB2,QID167,MC,SAVR,"On a scale from 1–7, with 7 being the most negative: In your opinion, if the homeowner was sued for these actions, what legal consequences do you think they would face?","1=1 No consequences | 2=2 | 3=3 | 6=4 Some negative consequences, such as a court order to stop and/or a moderate fine | 4=5 | 7=6 | 8=7 Very negative consequences, such as incarceration and/or a large fine",,False
PUTA2,QID1215596996,MC,SAVR,"On a scale from 1–7, with 7 being the most negative: In your opinion, if the homeowner was sued for these actions, what legal consequences do you think they would face?","1=1 No consequences | 2=2 | 3=3 | 6=4 Some negative consequences, such as a court order to stop and/or a moderate fine | 4=5 | 7=6 | 8=7 Very negative consequences, such as incarceration and/or a large fine",,False
WNC2,QID135,MC,SAVR,"On a scale from 1–7, with 7 being the most negative: In your opinion, if the promoter was sued for these actions, what legal consequences do you think they would face?","1=1 No consequences | 2=2 | 3=3 | 6=4 Some negative consequences, such as a court order to stop and/or a moderate fine | 4=5 | 7=6 | 8=7 Very negative consequences, such as incarceration and/or a large fine",,False
WNTA2,QID141,MC,SAVR,"On a scale from 1–7, with 7 being the most negative: In your opinion, if the promoter was sued for these actions, what legal consequences do you think they would face?","1=1 No consequences | 2=2 | 3=3 | 6=4 Some negative consequences, such as a court order to stop and/or a moderate fine | 4=5 | 7=6 | 8=7 Very negative consequences, such as incarceration and/or a large fine",,False
WNTB2,QID191,MC,SAVR,"On a scale from 1–7, with 7 being the most negative: In your opinion, if the promoter was sued for these actions, what legal consequences do you think they would face?","1=1 No consequences | 2=2 | 3=3 | 6=4 Some negative consequences, such as a court order to stop and/or a moderate fine | 4=5 | 7=6 | 8=7 Very negative consequences, such as incarceration and/or a large fine",,False
EUC2,QID78,MC,SAVR,"On a scale from 1–7, with 7 being the most negative: In your opinion, if the publishing company were sued for these actions, what legal consequences do you think it would face?","1=1 No consequences | 2=2 | 3=3 | 6=4 Some negative consequences, such as a court order to stop and/or a moderate fine | 4=5 | 7=6 | 8=7 Very negative consequences, such as incarceration and/or a large fine",,False
EUTA2,QID82,MC,SAVR,"On a scale from 1–7, with 7 being the most negative: In your opinion, if the publishing company were sued for these actions, what legal consequences do you think it would face?","1=1 No consequences | 2=2 | 3=3 | 6=4 Some negative consequences, such as a court order to stop and/or a moderate fine | 4=5 | 7=6 | 8=7 Very negative consequences, such as incarceration and/or a large fine",,False
EUTB2,QID173,MC,SAVR,"On a scale from 1–7, with 7 being the most negative: In your opinion, if the publishing company were sued for these actions, what legal consequences do you think it would face?","1=1 No consequences | 2=2 | 3=3 | 6=4 Some negative consequences, such as a court order to stop and/or a moderate fine | 4=5 | 7=6 | 8=7 Very negative consequences, such as incarceration and/or a large fine",,False
FSTA2,QID147,MC,SAVR,"On a scale from 1–7, with 7 being the most negative: In your opinion, if the student was sued for these actions, what legal consequences do you think they would face?","1=1 No consequences | 2=2 | 3=3 | 6=4 Some negative consequences, such as a court order to stop and/or a moderate fine | 4=5 | 7=6 | 8=7 Very negative consequences, such as incarceration and/or a large fine",,False
FSC2,QID153,MC,SAVR,"On a scale from 1–7, with 7 being the most negative: In your opinion, if the student was sued for these actions, what legal consequences do you think they would face?","1=1 No consequences | 2=2 | 3=3 | 6=4 Some negative consequences, such as a court order to stop and/or a moderate fine | 4=5 | 7=6 | 8=7 Very negative consequences, such as incarceration and/or a large fine",,False
FSTB2,QID197,MC,SAVR,"On a scale from 1–7, with 7 being the most negative: In your opinion, if the student was sued for these actions, what legal consequences do you think they would face?","1=1 No consequences | 2=2 | 3=3 | 6=4 Some negative consequences, such as a court order to stop and/or a moderate fine | 4=5 | 7=6 | 8=7 Very negative consequences, such as incarceration and/or a large fine",,False
FSTB3,QID228,MC,SAVR,"On a scale from 1–7, with 7 being the most negative: In your opinion, if the student was sued for these actions, what legal consequences do you think they should face?","1=1 No consequences | 2=2 | 3=3 | 6=4 Some negative consequences, such as a court order to stop and/or a moderate fine | 4=5 | 7=6 | 8=7 Very negative consequences, such as incarceration and/or a large fine",,False
PDC3,QID26,MC,SAVR,"On a scale from 1–7, with 7 being the most negative: In your opinion, what legal consequences should the executive's company face for these actions, if sued?","1=1 No consequences | 10=2 | 6=3 | 7=4 Some negative consequences, such as a court order to stop and/or a moderate fine | 8=5 | 12=6 | 13=7 Very negative consequences, such as incarceration and/or a large fine",,False
PDTA3,QID76,MC,SAVR,"On a scale from 1–7, with 7 being the most negative: In your opinion, what legal consequences should the executive's company face for these actions, if sued?","1=1 No consequences | 10=2 | 6=3 | 7=4 Some negative consequences, such as a court order to stop and/or a moderate fine | 8=5 | 12=6 | 13=7 Very negative consequences, such as incarceration and/or a large fine",,False
EUC3,QID79,MC,SAVR,"On a scale from 1–7, with 7 being the most negative: In your opinion, what legal consequences should the publishing company face for these actions, if sued?","1=1 No consequences | 10=2 | 6=3 | 7=4 Some negative consequences, such as a court order to stop and/or a moderate fine | 8=5 | 12=6 | 13=7 Very negative consequences, such as incarceration and/or a large fine",,False
EUTA3,QID83,MC,SAVR,"On a scale from 1–7, with 7 being the most negative: In your opinion, what legal consequences should the publishing company face for these actions, if sued?","1=1 No consequences | 10=2 | 6=3 | 7=4 Some negative consequences, such as a court order to stop and/or a moderate fine | 8=5 | 12=6 | 13=7 Very negative consequences, such as incarceration and/or a large fine",,False
PUC3,QID97,MC,SAVR,"On a scale from 1–7, with 7 being the most negative: In your opinion, what legal consequences should the homeowner face for these actions, if sued?","1=1 No consequences | 10=2 | 6=3 | 7=4 Some negative consequences, such as a court order to stop and/or a moderate fine | 8=5 | 12=6 | 13=7 Very negative consequences, such as incarceration and/or a large fine",,False
CAC3,QID105,MC,SAVR,"On a scale from 1–7, with 7 being the most negative: In your opinion, what legal consequences should the bike shop owner face for these actions, if sued?","1=1 No consequences | 10=2 | 6=3 | 7=4 Some negative consequences, such as a court order to stop and/or a moderate fine | 8=5 | 12=6 | 13=7 Very negative consequences, such as incarceration and/or a large fine",,False
LSC3,QID119,MC,SAVR,"On a scale from 1–7, with 7 being the most negative: In your opinion, what legal consequences should the entrepreneur face for these actions, if sued?","1=1 No consequences | 10=2 | 6=3 | 7=4 Some negative consequences, such as a court order to stop and/or a moderate fine | 8=5 | 12=6 | 13=7 Very negative consequences, such as incarceration and/or a large fine",,False
LSTA3,QID130,MC,SAVR,"On a scale from 1–7, with 7 being the most negative: In your opinion, what legal consequences should the entrepreneur face for these actions, if sued?","1=1 No consequences | 10=2 | 6=3 | 7=4 Some negative consequences, such as a court order to stop and/or a moderate fine | 8=5 | 12=6 | 13=7 Very negative consequences, such as incarceration and/or a large fine",,False
WNC3,QID136,MC,SAVR,"On a scale from 1–7, with 7 being the most negative: In your opinion, what legal consequences should the promoter face for these actions, if sued?","1=1 No consequences | 10=2 | 6=3 | 7=4 Some negative consequences, such as a court order to stop and/or a moderate fine | 8=5 | 12=6 | 13=7 Very negative consequences, such as incarceration and/or a large fine",,False
WNTA3,QID142,MC,SAVR,"On a scale from 1–7, with 7 being the most negative: In your opinion, what legal consequences should the promoter face for these actions, if sued?","1=1 No consequences | 10=2 | 6=3 | 7=4 Some negative consequences, such as a court order to stop and/or a moderate fine | 8=5 | 12=6 | 13=7 Very negative consequences, such as incarceration and/or a large fine",,False
FSTA3,QID148,MC,SAVR,"On a scale from 1–7, with 7 being the most negative: In your opinion, what legal consequences should the student face for these actions, if sued?","1=1 No consequences | 10=2 | 6=3 | 14=4 Some negative consequences, such as a court order to stop and/or a moderate fine | 7=5 | 8=6 | 12=7 Very negative consequences, such as incarceration and/or a large fine",,False
FSC3,QID154,MC,SAVR,"On a scale from 1–7, with 7 being the most negative: In your opinion, what legal consequences should the student face for these actions, if sued?","1=1 No consequences | 10=2 | 6=3 | 7=4 Some negative consequences, such as a court order to stop and/or a moderate fine | 8=5 | 12=6 | 13=7 Very negative consequences, such as incarceration and/or a large fine",,False
PDTB3,QID162,MC,SAVR,"On a scale from 1–7, with 7 being the most negative: In your opinion, what legal consequences should the executive's company face for these actions, if sued?","1=1 No consequences | 10=2 | 6=3 | 7=4 Some negative consequences, such as a court order to stop and/or a moderate fine | 8=5 | 12=6 | 13=7 Very negative consequences, such as incarceration and/or a large fine",,False
PUTB3,QID168,MC,SAVR,"On a scale from 1–7, with 7 being the most negative: In your opinion, what legal consequences should the homeowner face for these actions, if sued?","1=1 No consequences | 10=2 | 6=3 | 7=4 Some negative consequences, such as a court order to stop and/or a moderate fine | 8=5 | 12=6 | 13=7 Very negative consequences, such as incarceration and/or a large fine",,False
EUTB3,QID174,MC,SAVR,"On a scale from 1–7, with 7 being the most negative: In your opinion, what legal consequences should the publishing company face for these actions, if sued?","1=1 No consequences | 10=2 | 6=3 | 7=4 Some negative consequences, such as a court order to stop and/or a moderate fine | 8=5 | 12=6 | 13=7 Very negative consequences, such as incarceration and/or a large fine",,False
CATB3,QID180,MC,SAVR,"On a scale from 1–7, with 7 being the most negative: In your opinion, what legal consequences should the bike shop owner face for these actions, if sued?","1=1 No consequences | 10=2 | 6=3 | 7=4 Some negative consequences, such as a court order to stop and/or a moderate fine | 8=5 | 12=6 | 13=7 Very negative consequences, such as incarceration and/or a large fine",,False
LSTB3,QID186,MC,SAVR,"On a scale from 1–7, with 7 being the most negative: In your opinion, what legal consequences should the entrepreneur face for these actions, if sued?","1=1 No consequences | 10=2 | 6=3 | 7=4 Some negative consequences, such as a court order to stop and/or a moderate fine | 8=5 | 12=6 | 13=7 Very negative consequences, such as incarceration and/or a large fine",,False
WNTB3,QID192,MC,SAVR,"On a scale from 1–7, with 7 being the most negative: In your opinion, what legal consequences should the promoter face for these actions, if sued?","1=1 No consequences | 10=2 | 6=3 | 7=4 Some negative consequences, such as a court order to stop and/or a moderate fine | 8=5 | 12=6 | 13=7 Very negative consequences, such as incarceration and/or a large fine",,False
PUTA3,QID1215596997,MC,SAVR,"On a scale from 1–7, with 7 being the most negative: In your opinion, what legal consequences should the homeowner face for these actions, if sued?","1=1 No consequences | 10=2 | 6=3 | 7=4 Some negative consequences, such as a court order to stop and/or a moderate fine | 8=5 | 12=6 | 13=7 Very negative consequences, such as incarceration and/or a large fine",,False
CATA3,QID1215597205,MC,SAVR,"On a scale from 1–7, with 7 being the most negative: In your opinion, what legal consequences should the bike shop owner face for these actions, if sued?","1=1 No consequences | 10=2 | 6=3 | 7=4 Some negative consequences, such as a court order to stop and/or a moderate fine | 8=5 | 12=6 | 13=7 Very negative consequences, such as incarceration and/or a large fine",,False
CAPTCHA,QID254,Captcha,V2,Please complete the following CAPTCHA.,,,False
IDMcD-Text,QID218,TE,SL,Please identify the brand you associate with this logo.,,,False
IDFAKE-Text,QID219,TE,SL,Please identify the brand you associate with this logo.,,,False
IDFF-Text,QID224,TE,SL,Please identify the brand you associate with this logo.,,,False
IDCC-Text,QID225,TE,SL,Please identify the brand you associate with this logo.,,,False
NOVIZSCREEN,QID246,TE,SL,Please provide information about your prior experience with intellectual property and Creative Commons.,,,False
LIBCON,QID211,MC,SAHR,"Politically, do you tend to be more liberal, or conservative?",1=Very Liberal | 2=Somewhat Liberal | 6=Moderate | 7=Somewhat Conservative | 3=Very Conservative,,False
DEBRIEF,QID257,DB,TB,Thank you for providing your opinion on the scenarios. The authorship and licensing information of the images and other works in the scenarios were created for this survey and are fictitious.,,,False
CONSENT,QID2,MC,SAVR,"Thank you for your interest in this study. We want to understand more about how different people make decisions about copyright. Please answer truthfully and follow directions carefully. Failure to follow directions may lead to termination of the study. Please review the following consent document. Principal Investigator: Aaron Shaw Student Investigator: Thomas Rousse Supported By: This research is supported by Northwestern University’s Media, Technology & Society program, School of Communicatio",1=I Agree | 2=I Disagree,,False
Feedback,QID253,TE,ESTB,"This section is optional. If you have any feedback, concerns, or spot any errors, you may use this space to communicate with the research team.",,,False
TIME-Consent,QID65,Timing,PageTimer,Timing,1=First Click | 2=Last Click | 3=Page Submit | 4=Click Count,,False
TIME-PDC,QID71,Timing,PageTimer,Timing,1=First Click | 2=Last Click | 3=Page Submit | 4=Click Count,,False
PDTA-TIME,QID73,Timing,PageTimer,Timing,1=First Click | 2=Last Click | 3=Page Submit | 4=Click Count,,False
EUC-TIME,QID91,Timing,PageTimer,Timing,1=First Click | 2=Last Click | 3=Page Submit | 4=Click Count,,False
EUTA-TIME,QID92,Timing,PageTimer,Timing,1=First Click | 2=Last Click | 3=Page Submit | 4=Click Count,,False
PUC-TIME,QID93,Timing,PageTimer,Timing,1=First Click | 2=Last Click | 3=Page Submit | 4=Click Count,,False
CAC-TIME,QID107,Timing,PageTimer,Timing,1=First Click | 2=Last Click | 3=Page Submit | 4=Click Count,,False
LSC-TIME,QID126,Timing,PageTimer,Timing,1=First Click | 2=Last Click | 3=Page Submit | 4=Click Count,,False
LSTA-TIME,QID127,Timing,PageTimer,Timing,1=First Click | 2=Last Click | 3=Page Submit | 4=Click Count,,False
WNC-TIME,QID138,Timing,PageTimer,Timing,1=First Click | 2=Last Click | 3=Page Submit | 4=Click Count,,False
WNTA-TIME,QID144,Timing,PageTimer,Timing,1=First Click | 2=Last Click | 3=Page Submit | 4=Click Count,,False
FSTA-TIME,QID150,Timing,PageTimer,Timing,1=First Click | 2=Last Click | 3=Page Submit | 4=Click Count,,False
FSC-TIME,QID156,Timing,PageTimer,Timing,1=First Click | 2=Last Click | 3=Page Submit | 4=Click Count,,False
CCEDUTIME,QID158,Timing,PageTimer,Timing,1=First Click | 2=Last Click | 3=Page Submit | 4=Click Count,,False
PDTB-TIME,QID164,Timing,PageTimer,Timing,1=First Click | 2=Last Click | 3=Page Submit | 4=Click Count,,False
PUTB-TIME,QID170,Timing,PageTimer,Timing,1=First Click | 2=Last Click | 3=Page Submit | 4=Click Count,,False
EUTB-TIME,QID176,Timing,PageTimer,Timing,1=First Click | 2=Last Click | 3=Page Submit | 4=Click Count,,False
CATB-TIME,QID182,Timing,PageTimer,Timing,1=First Click | 2=Last Click | 3=Page Submit | 4=Click Count,,False
LSTB-TIME,QID188,Timing,PageTimer,Timing,1=First Click | 2=Last Click | 3=Page Submit | 4=Click Count,,False
WNTB-TIME,QID194,Timing,PageTimer,Timing,1=First Click | 2=Last Click | 3=Page Submit | 4=Click Count,,False
FSTB-TIME,QID200,Timing,PageTimer,Timing,1=First Click | 2=Last Click | 3=Page Submit | 4=Click Count,,False
IDMcD-Time,QID221,Timing,PageTimer,Timing,1=First Click | 2=Last Click | 3=Page Submit | 4=Click Count,,False
IDFAKE-Time,QID222,Timing,PageTimer,Timing,1=First Click | 2=Last Click | 3=Page Submit | 4=Click Count,,False
IDCC-Time,QID226,Timing,PageTimer,Timing,1=First Click | 2=Last Click | 3=Page Submit | 4=Click Count,,False
IDFF-Time,QID227,Timing,PageTimer,Timing,1=First Click | 2=Last Click | 3=Page Submit | 4=Click Count,,False
COMMIT-TIME,QID256,Timing,PageTimer,Timing,1=First Click | 2=Last Click | 3=Page Submit | 4=Click Count,,False
NETSKILLSCCREC-TIME,QID258,Timing,PageTimer,Timing,1=First Click | 2=Last Click | 3=Page Submit | 4=Click Count,,False
PUTA-TIME,QID1215596998,Timing,PageTimer,Timing,1=First Click | 2=Last Click | 3=Page Submit | 4=Click Count,,False
CATA-TIME,QID1215597207,Timing,PageTimer,Timing,1=First Click | 2=Last Click | 3=Page Submit | 4=Click Count,,False
COMMIT,QID247,MC,SAVR,"We care about your opinions and we care about the quality of our survey data. To get the most accurate measures of your opinions, it is important that you provide thoughtful answers in good faith to each question in this survey. Please do not use text generated by AI or LLMs such as ChatGPT. Your answers to questions about your personal opinions will have no impact on your compensation. Do you commit to providing thoughtful answers in good faith to the questions in the survey?","1=I can't promise either way | 2=Yes, I will | 3=No, I will not",,False
EDU,QID209,MC,SAVR,What is the highest level of education you have completed?,"1=Some high school or less | 2=High school diploma or GED | 3=Some college, but no degree | 4=Associates or technical degree | 5=Bachelor’s degree | 6=Graduate or professional degree (MA, MS, MBA, PhD, JD, MD, DDS etc.) | 7=Prefer not to say",,False
AGE,QID4,TE,SL,What is your current age?,,,False
POLPARTY,QID213,MC,SAVR,"What political party, if any, do you most closely affiliate with?",1=Republican Party | 2=Democratic Party | 3=None (Independent) | 4=Other (Please enter below) | 5=Prefer not to say,,False
INCOME,QID210,MC,SAVR,What was your total household income before taxes during the past 12 months?,"1=Less than $25,000 | 2=$25,000-$49,999 | 3=$50,000-$74,999 | 4=$75,000-$99,999 | 5=$100,000-$149,999 | 6=$150,000 or more | 7=Prefer not to say",,False
PINK,QID250,MC,SAVR,Which of the following colors is a lighter shade of red?,1=Green | 2=Pink | 3=Yellow | 4=Black | 5=Blue,,False
FIRSTNAMEGEN,QID251,MC,SAVR,Which of the following names do you think is most likely to belong to someone who identifies as a female?,1=Henry | 2=Robert | 3=Elizabeth | 4=Timothy | 6=Edward,,False
GENDER,QID204,MC,SAVR,With what gender do you most closely identify?,1=Male | 2=Female | 3=A gender identity that's not listed (please specify) | 4=Prefer not to say,,False
CCREC,QID252,TE,SL,You indicated you recognize Creative Commons. Please briefly describe in your own words your understanding of Creative Commons. Please do not use AI assistance or outside sources.,,,True
